﻿Date,Exercise,Type,Exercise Calories,Exercise Minutes,Sets,Reps Per Set,Kilograms,Steps,Note
2018-02-28,Garmin Connect calorie adjustment,Cardio,455.0,1,,,,,
2018-03-01,Garmin Connect calorie adjustment,Cardio,156.0,1,,,,,
2018-03-02,"Bicycling, <10 mph, leisure (cycling, biking, bike riding)",Cardio,182.0,15,,,,,
2018-03-02,Garmin Connect calorie adjustment,Cardio,227.0,1,,,,,
2018-03-02,"Strength training (weight lifting, weight training)",Cardio,375.0,103,,,,,
2018-03-03,"Bicycling, <10 mph, leisure (cycling, biking, bike riding)",Cardio,192.0,15,,,,,
2018-03-03,Garmin Connect calorie adjustment,Cardio,297.0,1,,,,,
2018-03-03,"Strength training (weight lifting, weight training)",Cardio,542.0,120,,,,,
2018-03-04,Garmin Connect calorie adjustment,Cardio,362.0,1,,,,,
2018-03-05,"Bicycling, <10 mph, leisure (cycling, biking, bike riding)",Cardio,186.0,15,,,,,
2018-03-05,Garmin Connect calorie adjustment,Cardio,5.0,1,,,,,
2018-03-05,"Strength training (weight lifting, weight training)",Cardio,609.0,128,,,,,
2018-03-06,"Bicycling, <10 mph, leisure (cycling, biking, bike riding)",Cardio,134.0,15,,,,,
2018-03-06,Garmin Connect calorie adjustment,Cardio,286.0,1,,,,,
2018-03-06,"Strength training (weight lifting, weight training)",Cardio,406.0,117,,,,,
2018-03-07,"Bicycling, <10 mph, leisure (cycling, biking, bike riding)",Cardio,190.0,16,,,,,
2018-03-07,Garmin Connect calorie adjustment,Cardio,304.0,1,,,,,
2018-03-07,"Strength training (weight lifting, weight training)",Cardio,388.0,97,,,,,
2018-03-08,Garmin Connect calorie adjustment,Cardio,245.0,1,,,,,
2018-03-09,"Bicycling, <10 mph, leisure (cycling, biking, bike riding)",Cardio,167.0,15,,,,,
2018-03-09,Garmin Connect calorie adjustment,Cardio,211.0,1,,,,,
2018-03-09,"Strength training (weight lifting, weight training)",Cardio,443.0,105,,,,,
2018-03-10,"Bicycling, <10 mph, leisure (cycling, biking, bike riding)",Cardio,189.0,15,,,,,
2018-03-10,Garmin Connect calorie adjustment,Cardio,47.0,1,,,,,
2018-03-10,"Strength training (weight lifting, weight training)",Cardio,333.0,102,,,,,
2018-03-11,Garmin Connect calorie adjustment,Cardio,170.0,1,,,,,
2018-03-12,Garmin Connect calorie adjustment,Cardio,50.0,1,,,,,
2018-03-13,"Bicycling, <10 mph, leisure (cycling, biking, bike riding)",Cardio,130.0,15,,,,,
2018-03-13,Garmin Connect calorie adjustment,Cardio,252.0,1,,,,,
2018-03-13,"Strength training (weight lifting, weight training)",Cardio,624.0,93,,,,,
2018-03-14,"Bicycling, <10 mph, leisure (cycling, biking, bike riding)",Cardio,138.0,15,,,,,
2018-03-14,Garmin Connect calorie adjustment,Cardio,782.0,1,,,,,
2018-03-14,"Strength training (weight lifting, weight training)",Cardio,463.0,114,,,,,
2018-03-15,"Bicycling, <10 mph, leisure (cycling, biking, bike riding)",Cardio,169.0,15,,,,,
2018-03-15,Garmin Connect calorie adjustment,Cardio,608.0,1,,,,,
2018-03-15,"Strength training (weight lifting, weight training)",Cardio,463.0,105,,,,,
2018-03-16,"Bicycling, <10 mph, leisure (cycling, biking, bike riding)",Cardio,141.0,15,,,,,
2018-03-16,Garmin Connect calorie adjustment,Cardio,192.0,1,,,,,
2018-03-16,"Strength training (weight lifting, weight training)",Cardio,353.0,93,,,,,
2018-03-17,"Bicycling, <10 mph, leisure (cycling, biking, bike riding)",Cardio,131.0,15,,,,,
2018-03-17,Garmin Connect calorie adjustment,Cardio,401.0,1,,,,,
2018-03-17,"Strength training (weight lifting, weight training)",Cardio,514.0,100,,,,,
2018-03-18,Garmin Connect calorie adjustment,Cardio,249.0,1,,,,,
2018-03-18,"Walking, 3.5 mph, brisk pace",Cardio,321.0,45,,,,,
2018-03-19,"Bicycling, <10 mph, leisure (cycling, biking, bike riding)",Cardio,125.0,15,,,,,
2018-03-19,Garmin Connect calorie adjustment,Cardio,427.0,1,,,,,
2018-03-19,"Strength training (weight lifting, weight training)",Cardio,445.0,90,,,,,
2018-03-20,"Bicycling, <10 mph, leisure (cycling, biking, bike riding)",Cardio,135.0,15,,,,,
2018-03-20,Garmin Connect calorie adjustment,Cardio,172.0,1,,,,,
2018-03-20,"Strength training (weight lifting, weight training)",Cardio,328.0,90,,,,,
2018-03-21,"Bicycling, <10 mph, leisure (cycling, biking, bike riding)",Cardio,172.0,15,,,,,
2018-03-21,Garmin Connect calorie adjustment,Cardio,188.0,1,,,,,
2018-03-21,"Strength training (weight lifting, weight training)",Cardio,421.0,96,,,,,
2018-03-22,Garmin Connect calorie adjustment,Cardio,775.0,1,,,,,
2018-03-23,"Bicycling, <10 mph, leisure (cycling, biking, bike riding)",Cardio,131.0,15,,,,,
2018-03-23,Garmin Connect calorie adjustment,Cardio,647.0,1,,,,,
2018-03-23,"Strength training (weight lifting, weight training)",Cardio,384.0,89,,,,,
2018-03-24,"Bicycling, <10 mph, leisure (cycling, biking, bike riding)",Cardio,183.0,15,,,,,
2018-03-24,Garmin Connect calorie adjustment,Cardio,715.0,1,,,,,
2018-03-24,"Strength training (weight lifting, weight training)",Cardio,366.0,99,,,,,
2018-03-25,Garmin Connect calorie adjustment,Cardio,301.0,1,,,,,
2018-03-26,"Bicycling, <10 mph, leisure (cycling, biking, bike riding)",Cardio,190.0,15,,,,,
2018-03-26,Garmin Connect calorie adjustment,Cardio,114.0,1,,,,,
2018-03-26,"Strength training (weight lifting, weight training)",Cardio,495.0,114,,,,,
2018-03-26,"Walking, 3.5 mph, brisk pace",Cardio,304.0,45,,,,,
2018-03-27,"Bicycling, <10 mph, leisure (cycling, biking, bike riding)",Cardio,76.0,15,,,,,
2018-03-27,Garmin Connect calorie adjustment,Cardio,78.0,1,,,,,
2018-03-27,"Strength training (weight lifting, weight training)",Cardio,367.0,97,,,,,
2018-03-28,Garmin Connect calorie adjustment,Cardio,71.0,1,,,,,
2018-03-28,"Walking, 3.5 mph, brisk pace",Cardio,332.0,45,,,,,
2018-03-29,"Bicycling, <10 mph, leisure (cycling, biking, bike riding)",Cardio,121.0,15,,,,,
2018-03-29,Garmin Connect calorie adjustment,Cardio,136.0,1,,,,,
2018-03-29,"Strength training (weight lifting, weight training)",Cardio,403.0,116,,,,,
2018-03-29,"Walking, 3.5 mph, brisk pace",Cardio,255.0,45,,,,,
2018-03-30,"Bicycling, <10 mph, leisure (cycling, biking, bike riding)",Cardio,115.0,15,,,,,
2018-03-30,Garmin Connect calorie adjustment,Cardio,161.0,1,,,,,
2018-03-30,"Strength training (weight lifting, weight training)",Cardio,416.0,97,,,,,
2018-03-31,"Bicycling, <10 mph, leisure (cycling, biking, bike riding)",Cardio,126.0,15,,,,,
2018-03-31,Garmin Connect calorie adjustment,Cardio,242.0,1,,,,,
2018-03-31,"Strength training (weight lifting, weight training)",Cardio,252.0,91,,,,,
2018-04-01,Garmin Connect calorie adjustment,Cardio,624.0,1,,,,,
2018-04-01,"Walking, 3.5 mph, brisk pace",Cardio,327.0,45,,,,,
2018-04-02,"Bicycling, <10 mph, leisure (cycling, biking, bike riding)",Cardio,150.0,15,,,,,
2018-04-02,Garmin Connect calorie adjustment,Cardio,247.0,1,,,,,
2018-04-02,"Strength training (weight lifting, weight training)",Cardio,366.0,87,,,,,
2018-04-03,"Bicycling, <10 mph, leisure (cycling, biking, bike riding)",Cardio,170.0,15,,,,,
2018-04-03,Garmin Connect calorie adjustment,Cardio,282.0,1,,,,,
2018-04-03,"Strength training (weight lifting, weight training)",Cardio,473.0,98,,,,,
2018-04-04,Garmin Connect calorie adjustment,Cardio,715.0,1,,,,,
2018-04-05,"Bicycling, <10 mph, leisure (cycling, biking, bike riding)",Cardio,143.0,15,,,,,
2018-04-05,Garmin Connect calorie adjustment,Cardio,799.0,1,,,,,
2018-04-05,"Strength training (weight lifting, weight training)",Cardio,304.0,85,,,,,
2018-04-06,"Bicycling, <10 mph, leisure (cycling, biking, bike riding)",Cardio,108.0,15,,,,,
2018-04-06,Garmin Connect calorie adjustment,Cardio,290.0,1,,,,,
2018-04-06,"Strength training (weight lifting, weight training)",Cardio,249.0,85,,,,,
2018-04-07,"Bicycling, <10 mph, leisure (cycling, biking, bike riding)",Cardio,79.0,15,,,,,
2018-04-07,Garmin Connect calorie adjustment,Cardio,457.0,1,,,,,
2018-04-07,"Strength training (weight lifting, weight training)",Cardio,376.0,94,,,,,
2018-04-08,Garmin Connect calorie adjustment,Cardio,349.0,1,,,,,
2018-04-09,Elliptical Trainer,Cardio,59.0,15,,,,,
2018-04-09,Garmin Connect calorie adjustment,Cardio,640.0,1,,,,,
2018-04-09,"Strength training (weight lifting, weight training)",Cardio,350.0,84,,,,,
2018-04-10,Elliptical Trainer,Cardio,79.0,15,,,,,
2018-04-10,Garmin Connect calorie adjustment,Cardio,355.0,1,,,,,
2018-04-10,"Strength training (weight lifting, weight training)",Cardio,402.0,94,,,,,
2018-04-11,Elliptical Trainer,Cardio,85.0,15,,,,,
2018-04-11,Garmin Connect calorie adjustment,Cardio,642.0,1,,,,,
2018-04-11,"Strength training (weight lifting, weight training)",Cardio,355.0,93,,,,,
2018-04-12,Garmin Connect calorie adjustment,Cardio,553.0,1,,,,,
2018-04-13,Elliptical Trainer,Cardio,40.0,17,,,,,
2018-04-13,Garmin Connect calorie adjustment,Cardio,245.0,1,,,,,
2018-04-13,"Strength training (weight lifting, weight training)",Cardio,417.0,99,,,,,
2018-04-13,"Walking, 3.5 mph, brisk pace",Cardio,273.0,45,,,,,
2018-04-14,Elliptical Trainer,Cardio,129.0,15,,,,,
2018-04-14,Garmin Connect calorie adjustment,Cardio,705.0,1,,,,,
2018-04-14,"Strength training (weight lifting, weight training)",Cardio,532.0,120,,,,,
2018-04-15,Garmin Connect calorie adjustment,Cardio,388.0,1,,,,,
2018-04-16,Elliptical Trainer,Cardio,91.0,15,,,,,
2018-04-16,Garmin Connect calorie adjustment,Cardio,269.0,1,,,,,
2018-04-16,"Strength training (weight lifting, weight training)",Cardio,396.0,105,,,,,
2018-04-17,Garmin Connect calorie adjustment,Cardio,772.0,1,,,,,
2018-04-18,Elliptical Trainer,Cardio,103.0,15,,,,,
2018-04-18,Garmin Connect calorie adjustment,Cardio,218.0,1,,,,,
2018-04-18,"Strength training (weight lifting, weight training)",Cardio,470.0,110,,,,,
2018-04-19,Elliptical Trainer,Cardio,98.0,17,,,,,
2018-04-19,Garmin Connect calorie adjustment,Cardio,655.0,1,,,,,
2018-04-19,"Strength training (weight lifting, weight training)",Cardio,343.0,95,,,,,
2018-04-20,Elliptical Trainer,Cardio,97.0,16,,,,,
2018-04-20,Garmin Connect calorie adjustment,Cardio,408.0,1,,,,,
2018-04-20,"Strength training (weight lifting, weight training)",Cardio,380.0,113,,,,,
2018-04-21,Elliptical Trainer,Cardio,102.0,15,,,,,
2018-04-21,Garmin Connect calorie adjustment,Cardio,489.0,1,,,,,
2018-04-21,"Strength training (weight lifting, weight training)",Cardio,420.0,94,,,,,
2018-04-22,Garmin Connect calorie adjustment,Cardio,-48.0,1,,,,,
2018-04-22,"Walking, 3.5 mph, brisk pace",Cardio,515.0,95,,,,,
2018-04-23,Elliptical Trainer,Cardio,97.0,15,,,,,
2018-04-23,Garmin Connect calorie adjustment,Cardio,254.0,1,,,,,
2018-04-23,"Strength training (weight lifting, weight training)",Cardio,306.0,97,,,,,
2018-04-24,Elliptical Trainer,Cardio,90.0,15,,,,,
2018-04-24,Garmin Connect calorie adjustment,Cardio,469.0,1,,,,,
2018-04-24,"Strength training (weight lifting, weight training)",Cardio,380.0,95,,,,,
2018-04-25,Garmin Connect calorie adjustment,Cardio,408.0,1,,,,,
2018-04-26,Elliptical Trainer,Cardio,100.0,15,,,,,
2018-04-26,Garmin Connect calorie adjustment,Cardio,749.0,1,,,,,
2018-04-26,"Strength training (weight lifting, weight training)",Cardio,413.0,88,,,,,
2018-04-27,Elliptical Trainer,Cardio,78.0,15,,,,,
2018-04-27,Garmin Connect calorie adjustment,Cardio,219.0,1,,,,,
2018-04-27,"Strength training (weight lifting, weight training)",Cardio,418.0,108,,,,,
2018-04-28,"Bicycling, <10 mph, leisure (cycling, biking, bike riding)",Cardio,207.0,18,,,,,
2018-04-28,"Bicycling, <10 mph, leisure (cycling, biking, bike riding)",Cardio,127.0,22,,,,,
2018-04-28,"Bicycling, <10 mph, leisure (cycling, biking, bike riding)",Cardio,359.0,36,,,,,
2018-04-28,Elliptical Trainer,Cardio,111.0,15,,,,,
2018-04-28,Garmin Connect calorie adjustment,Cardio,516.0,1,,,,,
2018-04-28,"Strength training (weight lifting, weight training)",Cardio,445.0,93,,,,,
2018-04-29,"Bicycling, <10 mph, leisure (cycling, biking, bike riding)",Cardio,356.0,40,,,,,
2018-04-29,"Bicycling, <10 mph, leisure (cycling, biking, bike riding)",Cardio,312.0,34,,,,,
2018-04-29,Garmin Connect calorie adjustment,Cardio,580.0,1,,,,,
2018-04-30,Elliptical Trainer,Cardio,104.0,15,,,,,
2018-04-30,Garmin Connect calorie adjustment,Cardio,546.0,1,,,,,
2018-04-30,"Strength training (weight lifting, weight training)",Cardio,388.0,98,,,,,
2018-05-01,Elliptical Trainer,Cardio,132.0,15,,,,,
2018-05-01,Garmin Connect calorie adjustment,Cardio,415.0,1,,,,,
2018-05-01,"Strength training (weight lifting, weight training)",Cardio,502.0,89,,,,,
2018-05-02,Elliptical Trainer,Cardio,96.0,15,,,,,
2018-05-02,Garmin Connect calorie adjustment,Cardio,344.0,1,,,,,
2018-05-02,"Strength training (weight lifting, weight training)",Cardio,316.0,89,,,,,
2018-05-03,Garmin Connect calorie adjustment,Cardio,397.0,1,,,,,
2018-05-04,Elliptical Trainer,Cardio,68.0,15,,,,,
2018-05-04,Garmin Connect calorie adjustment,Cardio,185.0,1,,,,,
2018-05-04,"Strength training (weight lifting, weight training)",Cardio,332.0,107,,,,,
2018-05-05,Elliptical Trainer,Cardio,83.0,15,,,,,
2018-05-05,Garmin Connect calorie adjustment,Cardio,289.0,1,,,,,
2018-05-05,"Strength training (weight lifting, weight training)",Cardio,316.0,99,,,,,
2018-05-06,Garmin Connect calorie adjustment,Cardio,275.0,1,,,,,
2018-05-07,Elliptical Trainer,Cardio,99.0,15,,,,,
2018-05-07,Garmin Connect calorie adjustment,Cardio,399.0,1,,,,,
2018-05-07,"Strength training (weight lifting, weight training)",Cardio,340.0,100,,,,,
2018-05-08,Elliptical Trainer,Cardio,96.0,15,,,,,
2018-05-08,Garmin Connect calorie adjustment,Cardio,427.0,1,,,,,
2018-05-08,"Strength training (weight lifting, weight training)",Cardio,452.0,106,,,,,
2018-05-09,Elliptical Trainer,Cardio,86.0,15,,,,,
2018-05-09,Garmin Connect calorie adjustment,Cardio,556.0,1,,,,,
2018-05-09,"Strength training (weight lifting, weight training)",Cardio,338.0,91,,,,,
2018-05-10,Garmin Connect calorie adjustment,Cardio,189.0,1,,,,,
2018-05-10,"Walking, 3.5 mph, brisk pace",Cardio,320.0,45,,,,,
2018-05-11,Elliptical Trainer,Cardio,89.0,15,,,,,
2018-05-11,Garmin Connect calorie adjustment,Cardio,559.0,1,,,,,
2018-05-11,"Strength training (weight lifting, weight training)",Cardio,348.0,103,,,,,
2018-05-12,Elliptical Trainer,Cardio,105.0,15,,,,,
2018-05-12,Garmin Connect calorie adjustment,Cardio,435.0,1,,,,,
2018-05-12,"Strength training (weight lifting, weight training)",Cardio,484.0,96,,,,,
2018-05-13,Garmin Connect calorie adjustment,Cardio,325.0,1,,,,,
2018-05-14,Elliptical Trainer,Cardio,100.0,15,,,,,
2018-05-14,Garmin Connect calorie adjustment,Cardio,423.0,1,,,,,
2018-05-14,"Strength training (weight lifting, weight training)",Cardio,356.0,93,,,,,
2018-05-15,Elliptical Trainer,Cardio,102.0,15,,,,,
2018-05-15,Garmin Connect calorie adjustment,Cardio,730.0,1,,,,,
2018-05-15,"Strength training (weight lifting, weight training)",Cardio,412.0,99,,,,,
2018-05-16,Elliptical Trainer,Cardio,97.0,15,,,,,
2018-05-16,Garmin Connect calorie adjustment,Cardio,681.0,1,,,,,
2018-05-16,"Strength training (weight lifting, weight training)",Cardio,340.0,92,,,,,
2018-05-17,Garmin Connect calorie adjustment,Cardio,424.0,1,,,,,
2018-05-18,Elliptical Trainer,Cardio,103.0,15,,,,,
2018-05-18,Garmin Connect calorie adjustment,Cardio,468.0,1,,,,,
2018-05-18,"Strength training (weight lifting, weight training)",Cardio,518.0,104,,,,,
2018-05-19,Elliptical Trainer,Cardio,69.0,15,,,,,
2018-05-19,Garmin Connect calorie adjustment,Cardio,139.0,1,,,,,
2018-05-19,"Strength training (weight lifting, weight training)",Cardio,400.0,95,,,,,
2018-05-20,Garmin Connect calorie adjustment,Cardio,16.0,1,,,,,
2018-05-20,"Walking, 3.5 mph, brisk pace",Cardio,359.0,83,,,,,
2018-05-21,Elliptical Trainer,Cardio,91.0,15,,,,,
2018-05-21,Garmin Connect calorie adjustment,Cardio,66.0,1,,,,,
2018-05-21,"Strength training (weight lifting, weight training)",Cardio,320.0,91,,,,,
2018-05-22,Elliptical Trainer,Cardio,100.0,15,,,,,
2018-05-22,Garmin Connect calorie adjustment,Cardio,563.0,1,,,,,
2018-05-22,"Strength training (weight lifting, weight training)",Cardio,443.0,103,,,,,
2018-05-23,Elliptical Trainer,Cardio,103.0,15,,,,,
2018-05-23,Garmin Connect calorie adjustment,Cardio,422.0,1,,,,,
2018-05-23,"Strength training (weight lifting, weight training)",Cardio,382.0,96,,,,,
2018-05-24,Garmin Connect calorie adjustment,Cardio,594.0,1,,,,,
2018-05-25,Elliptical Trainer,Cardio,100.0,15,,,,,
2018-05-25,Garmin Connect calorie adjustment,Cardio,530.0,1,,,,,
2018-05-25,"Strength training (weight lifting, weight training)",Cardio,482.0,110,,,,,
2018-05-26,Elliptical Trainer,Cardio,86.0,15,,,,,
2018-05-26,Garmin Connect calorie adjustment,Cardio,178.0,1,,,,,
2018-05-26,"Strength training (weight lifting, weight training)",Cardio,355.0,93,,,,,
2018-05-27,Garmin Connect calorie adjustment,Cardio,91.0,1,,,,,
2018-05-27,"Walking, 3.5 mph, brisk pace",Cardio,301.0,53,,,,,
2018-05-28,Elliptical Trainer,Cardio,102.0,15,,,,,
2018-05-28,Garmin Connect calorie adjustment,Cardio,763.0,1,,,,,
2018-05-28,"Strength training (weight lifting, weight training)",Cardio,426.0,96,,,,,
2018-05-29,Elliptical Trainer,Cardio,90.0,15,,,,,
2018-05-29,Garmin Connect calorie adjustment,Cardio,593.0,1,,,,,
2018-05-29,"Strength training (weight lifting, weight training)",Cardio,358.0,98,,,,,
2018-05-30,Elliptical Trainer,Cardio,89.0,15,,,,,
2018-05-30,Garmin Connect calorie adjustment,Cardio,582.0,1,,,,,
2018-05-30,"Strength training (weight lifting, weight training)",Cardio,341.0,94,,,,,
2018-05-31,Garmin Connect calorie adjustment,Cardio,206.0,1,,,,,
2018-05-31,"Walking, 3.5 mph, brisk pace",Cardio,329.0,60,,,,,
2018-06-01,Elliptical Trainer,Cardio,83.0,15,,,,,
2018-06-01,Garmin Connect calorie adjustment,Cardio,452.0,1,,,,,
2018-06-01,"Strength training (weight lifting, weight training)",Cardio,413.0,99,,,,,
2018-06-02,Elliptical Trainer,Cardio,100.0,15,,,,,
2018-06-02,Garmin Connect calorie adjustment,Cardio,163.0,1,,,,,
2018-06-02,"Strength training (weight lifting, weight training)",Cardio,415.0,95,,,,,
2018-06-03,Garmin Connect calorie adjustment,Cardio,78.0,1,,,,,
2018-06-03,"Walking, 3.5 mph, brisk pace",Cardio,257.0,60,,,,,
2018-06-04,Elliptical Trainer,Cardio,96.0,15,,,,,
2018-06-04,Garmin Connect calorie adjustment,Cardio,545.0,1,,,,,
2018-06-04,"Strength training (weight lifting, weight training)",Cardio,375.0,101,,,,,
2018-06-05,Elliptical Trainer,Cardio,76.0,15,,,,,
2018-06-05,Garmin Connect calorie adjustment,Cardio,379.0,1,,,,,
2018-06-05,"Strength training (weight lifting, weight training)",Cardio,347.0,114,,,,,
2018-06-06,Elliptical Trainer,Cardio,88.0,15,,,,,
2018-06-06,Garmin Connect calorie adjustment,Cardio,415.0,1,,,,,
2018-06-06,"Strength training (weight lifting, weight training)",Cardio,242.0,90,,,,,
2018-06-07,Garmin Connect calorie adjustment,Cardio,496.0,1,,,,,
2018-06-08,Elliptical Trainer,Cardio,95.0,15,,,,,
2018-06-08,Garmin Connect calorie adjustment,Cardio,283.0,1,,,,9575,
2018-06-08,"Strength training (weight lifting, weight training)",Cardio,485.0,112,,,,,
2018-06-09,Elliptical Trainer,Cardio,97.0,15,,,,,
2018-06-09,Garmin Connect calorie adjustment,Cardio,962.0,1,,,,17699,
2018-06-09,"Strength training (weight lifting, weight training)",Cardio,541.0,92,,,,,
2018-06-10,Garmin Connect calorie adjustment,Cardio,167.0,1,,,,4686,
2018-06-11,Elliptical Trainer,Cardio,105.0,15,,,,,
2018-06-11,Garmin Connect calorie adjustment,Cardio,731.0,1,,,,20217,
2018-06-11,"Strength training (weight lifting, weight training)",Cardio,349.0,97,,,,,
2018-06-12,Elliptical Trainer,Cardio,90.0,15,,,,,
2018-06-12,Garmin Connect calorie adjustment,Cardio,614.0,1,,,,20055,
2018-06-12,"Strength training (weight lifting, weight training)",Cardio,370.0,105,,,,,
2018-06-13,Elliptical Trainer,Cardio,73.0,15,,,,,
2018-06-13,Garmin Connect calorie adjustment,Cardio,540.0,1,,,,13714,
2018-06-13,"Strength training (weight lifting, weight training)",Cardio,369.0,96,,,,,
2018-06-14,Garmin Connect calorie adjustment,Cardio,957.0,1,,,,13990,
2018-06-15,Elliptical Trainer,Cardio,97.0,15,,,,,
2018-06-15,Garmin Connect calorie adjustment,Cardio,827.0,1,,,,17158,
2018-06-15,"Strength training (weight lifting, weight training)",Cardio,515.0,121,,,,,
2018-06-16,Elliptical Trainer,Cardio,109.0,17,,,,,
2018-06-16,Garmin Connect calorie adjustment,Cardio,449.0,1,,,,8621,
2018-06-16,"Strength training (weight lifting, weight training)",Cardio,385.0,87,,,,,
2018-06-17,Garmin Connect calorie adjustment,Cardio,292.0,1,,,,3008,
2018-06-18,Elliptical Trainer,Cardio,133.0,15,,,,,
2018-06-18,Garmin Connect calorie adjustment,Cardio,452.0,1,,,,12753,
2018-06-18,"Strength training (weight lifting, weight training)",Cardio,452.0,92,,,,,
2018-06-19,Elliptical Trainer,Cardio,100.0,15,,,,,
2018-06-19,Garmin Connect calorie adjustment,Cardio,527.0,1,,,,12380,
2018-06-19,"Strength training (weight lifting, weight training)",Cardio,363.0,99,,,,,
2018-06-20,Elliptical Trainer,Cardio,138.0,15,,,,,
2018-06-20,Garmin Connect calorie adjustment,Cardio,648.0,1,,,,13574,
2018-06-20,"Strength training (weight lifting, weight training)",Cardio,341.0,75,,,,,
2018-06-21,Elliptical Trainer,Cardio,126.0,15,,,,,
2018-06-21,Garmin Connect calorie adjustment,Cardio,598.0,1,,,,12169,
2018-06-21,"Strength training (weight lifting, weight training)",Cardio,459.0,100,,,,,
2018-06-22,Elliptical Trainer,Cardio,107.0,15,,,,,
2018-06-22,Garmin Connect calorie adjustment,Cardio,446.0,1,,,,11702,
2018-06-22,"Strength training (weight lifting, weight training)",Cardio,376.0,90,,,,,
2018-06-23,Elliptical Trainer,Cardio,141.0,15,,,,,
2018-06-23,Garmin Connect calorie adjustment,Cardio,210.0,1,,,,5830,
2018-06-23,"Strength training (weight lifting, weight training)",Cardio,273.0,64,,,,,
2018-06-24,Garmin Connect calorie adjustment,Cardio,89.0,1,,,,2513,
2018-06-25,Elliptical Trainer,Cardio,120.0,15,,,,,
2018-06-25,Garmin Connect calorie adjustment,Cardio,544.0,1,,,,13689,
2018-06-25,"Strength training (weight lifting, weight training)",Cardio,419.0,95,,,,,
2018-06-26,Elliptical Trainer,Cardio,111.0,15,,,,,
2018-06-26,Elliptical Trainer,Cardio,111.0,15,,,,,
2018-06-26,Garmin Connect calorie adjustment,Cardio,-7.0,1,,,,11175,
2018-06-26,"Strength training (weight lifting, weight training)",Cardio,424.0,112,,,,,
2018-06-26,"Strength training (weight lifting, weight training)",Cardio,424.0,112,,,,,
2018-06-27,Elliptical Trainer,Cardio,119.0,15,,,,,
2018-06-27,Garmin Connect calorie adjustment,Cardio,446.0,1,,,,11462,
2018-06-27,"Strength training (weight lifting, weight training)",Cardio,389.0,78,,,,,
2018-06-28,Elliptical Trainer,Cardio,113.0,15,,,,,
2018-06-28,Garmin Connect calorie adjustment,Cardio,647.0,1,,,,12929,
2018-06-28,"Strength training (weight lifting, weight training)",Cardio,418.0,96,,,,,
2018-06-29,Elliptical Trainer,Cardio,102.0,15,,,,,
2018-06-29,Garmin Connect calorie adjustment,Cardio,743.0,1,,,,15501,
2018-06-29,"Strength training (weight lifting, weight training)",Cardio,301.0,85,,,,,
2018-06-30,Elliptical Trainer,Cardio,116.0,15,,,,,
2018-06-30,Garmin Connect calorie adjustment,Cardio,333.0,1,,,,7722,
2018-06-30,"Strength training (weight lifting, weight training)",Cardio,287.0,62,,,,,
2018-07-01,Garmin Connect calorie adjustment,Cardio,266.0,1,,,,4405,
2018-07-02,Elliptical Trainer,Cardio,108.0,15,,,,,
2018-07-02,Garmin Connect calorie adjustment,Cardio,484.0,1,,,,15716,
2018-07-02,"Strength training (weight lifting, weight training)",Cardio,377.0,94,,,,,
2018-07-03,Elliptical Trainer,Cardio,87.0,15,,,,,
2018-07-03,Garmin Connect calorie adjustment,Cardio,493.0,1,,,,13167,
2018-07-03,"Strength training (weight lifting, weight training)",Cardio,356.0,99,,,,,
2018-07-04,Elliptical Trainer,Cardio,119.0,15,,,,,
2018-07-04,Garmin Connect calorie adjustment,Cardio,788.0,1,,,,16014,
2018-07-04,"Strength training (weight lifting, weight training)",Cardio,399.0,90,,,,,
2018-07-05,Elliptical Trainer,Cardio,111.0,19,,,,,
2018-07-05,Garmin Connect calorie adjustment,Cardio,606.0,1,,,,15919,
2018-07-05,"Strength training (weight lifting, weight training)",Cardio,433.0,101,,,,,
2018-07-06,Elliptical Trainer,Cardio,97.0,15,,,,,
2018-07-06,Garmin Connect calorie adjustment,Cardio,175.0,1,,,,7734,
2018-07-06,"Strength training (weight lifting, weight training)",Cardio,387.0,84,,,,,
2018-07-07,Elliptical Trainer,Cardio,151.0,25,,,,,
2018-07-07,Garmin Connect calorie adjustment,Cardio,59.0,1,,,,6524,
2018-07-07,"Strength training (weight lifting, weight training)",Cardio,285.0,63,,,,,
2018-07-08,Garmin Connect calorie adjustment,Cardio,-14.0,1,,,,6538,
2018-07-08,"Walking, 3.5 mph, brisk pace",Cardio,251.0,46,,,,,
2018-07-09,Elliptical Trainer,Cardio,94.0,15,,,,,
2018-07-09,Garmin Connect calorie adjustment,Cardio,438.0,1,,,,14441,
2018-07-09,"Strength training (weight lifting, weight training)",Cardio,290.0,91,,,,,
2018-07-10,Elliptical Trainer,Cardio,104.0,15,,,,,
2018-07-10,Garmin Connect calorie adjustment,Cardio,365.0,1,,,,10653,
2018-07-10,"Strength training (weight lifting, weight training)",Cardio,384.0,108,,,,,
2018-07-11,Elliptical Trainer,Cardio,97.0,15,,,,,
2018-07-11,Garmin Connect calorie adjustment,Cardio,274.0,1,,,,10301,
2018-07-11,"Strength training (weight lifting, weight training)",Cardio,360.0,92,,,,,
2018-07-12,Elliptical Trainer,Cardio,102.0,17,,,,,
2018-07-12,Garmin Connect calorie adjustment,Cardio,343.0,1,,,,10893,
2018-07-12,"Strength training (weight lifting, weight training)",Cardio,404.0,100,,,,,
2018-07-13,Elliptical Trainer,Cardio,95.0,15,,,,,
2018-07-13,Garmin Connect calorie adjustment,Cardio,395.0,1,,,,11795,
2018-07-13,"Strength training (weight lifting, weight training)",Cardio,359.0,86,,,,,
2018-07-14,Elliptical Trainer,Cardio,199.0,30,,,,,
2018-07-14,Elliptical Trainer,Cardio,99.0,15,,,,,
2018-07-14,Garmin Connect calorie adjustment,Cardio,-15.0,1,,,,8697,
2018-07-14,"Strength training (weight lifting, weight training)",Cardio,289.0,66,,,,,
2018-07-15,Garmin Connect calorie adjustment,Cardio,217.0,1,,,,11645,
2018-07-15,"Walking, 3.5 mph, brisk pace",Cardio,365.0,73,,,,,
2018-07-16,Elliptical Trainer,Cardio,95.0,15,,,,,
2018-07-16,Garmin Connect calorie adjustment,Cardio,493.0,1,,,,13194,
2018-07-16,"Strength training (weight lifting, weight training)",Cardio,341.0,84,,,,,
2018-07-17,Elliptical Trainer,Cardio,98.0,15,,,,,
2018-07-17,Garmin Connect calorie adjustment,Cardio,633.0,1,,,,14955,
2018-07-17,"Strength training (weight lifting, weight training)",Cardio,409.0,102,,,,,
2018-07-18,Elliptical Trainer,Cardio,99.0,15,,,,,
2018-07-18,Garmin Connect calorie adjustment,Cardio,617.0,1,,,,18018,
2018-07-18,"Strength training (weight lifting, weight training)",Cardio,347.0,88,,,,,
2018-07-19,Elliptical Trainer,Cardio,97.0,15,,,,,
2018-07-19,Garmin Connect calorie adjustment,Cardio,354.0,1,,,,13357,
2018-07-19,"Strength training (weight lifting, weight training)",Cardio,347.0,100,,,,,
2018-07-20,Elliptical Trainer,Cardio,98.0,15,,,,,
2018-07-20,Garmin Connect calorie adjustment,Cardio,822.0,1,,,,14918,
2018-07-20,"Strength training (weight lifting, weight training)",Cardio,344.0,88,,,,,
2018-07-21,Elliptical Trainer,Cardio,93.0,15,,,,,
2018-07-21,Garmin Connect calorie adjustment,Cardio,897.0,1,,,,16948,
2018-07-21,"Strength training (weight lifting, weight training)",Cardio,331.0,85,,,,,
2018-07-22,Garmin Connect calorie adjustment,Cardio,1026.0,1,,,,14429,
2018-07-23,Elliptical Trainer,Cardio,91.0,15,,,,,
2018-07-23,Garmin Connect calorie adjustment,Cardio,93.0,1,,,,13835,
2018-07-23,"Strength training (weight lifting, weight training)",Cardio,308.0,96,,,,,
2018-07-24,MFP iOS calorie adjustment,Cardio,-72.0,1,,,,5941,
2018-07-24,"Stair-treadmill ergometer, general",Cardio,222.0,15,,,,,
2018-07-24,"Strength training (weight lifting, weight training)",Cardio,880.0,87,,,,,
2018-07-25,Elliptical Trainer,Cardio,124.0,15,,,,,
2018-07-25,MFP iOS calorie adjustment,Cardio,-36.0,1,,,,10073,
2018-07-25,"Strength training (weight lifting, weight training)",Cardio,780.0,94,,,,,
2018-07-26,Elliptical Trainer,Cardio,125.0,15,,,,,
2018-07-26,MFP iOS calorie adjustment,Cardio,-38.0,1,,,,10078,
2018-07-26,"Strength training (weight lifting, weight training)",Cardio,820.0,98,,,,,
2018-07-27,Elliptical Trainer,Cardio,139.0,16,,,,,
2018-07-27,MFP iOS calorie adjustment,Cardio,-52.0,1,,,,9088,
2018-07-27,"Strength training (weight lifting, weight training)",Cardio,908.0,110,,,,,
2018-07-28,Elliptical Trainer,Cardio,126.0,15,,,,,
2018-07-28,MFP iOS calorie adjustment,Cardio,-104.0,1,,,,5548,
2018-07-28,"Strength training (weight lifting, weight training)",Cardio,678.0,82,,,,,
2018-07-29,MFP iOS calorie adjustment,Cardio,28.0,1,,,,2307,
2018-07-30,Elliptical Trainer,Cardio,124.0,15,,,,,
2018-07-30,MFP iOS calorie adjustment,Cardio,-32.0,1,,,,8832,
2018-07-30,"Strength training (weight lifting, weight training)",Cardio,815.0,98,,,,,
2018-07-31,Elliptical Trainer,Cardio,124.0,15,,,,,
2018-07-31,MFP iOS calorie adjustment,Cardio,-26.0,1,,,,9341,
2018-07-31,"Strength training (weight lifting, weight training)",Cardio,806.0,97,,,,,
2018-08-01,Elliptical Trainer,Cardio,124.0,15,,,,,
2018-08-01,MFP iOS calorie adjustment,Cardio,-123.0,1,,,,8159,
2018-08-01,"Strength training (weight lifting, weight training)",Cardio,1098.0,133,,,,,
2018-08-02,Elliptical Trainer,Cardio,135.0,16,,,,,
2018-08-02,MFP iOS calorie adjustment,Cardio,-45.0,1,,,,8267,
2018-08-02,"Strength training (weight lifting, weight training)",Cardio,730.0,88,,,,,
2018-08-03,Elliptical Trainer,Cardio,125.0,15,,,,,
2018-08-03,MFP iOS calorie adjustment,Cardio,-68.0,1,,,,7163,
2018-08-03,"Strength training (weight lifting, weight training)",Cardio,743.0,90,,,,,
2018-08-04,Elliptical Trainer,Cardio,143.0,17,,,,,
2018-08-04,MFP iOS calorie adjustment,Cardio,-110.0,1,,,,7356,
2018-08-04,"Strength training (weight lifting, weight training)",Cardio,831.0,100,,,,,
2018-08-05,MFP iOS calorie adjustment,Cardio,66.0,1,,,,4398,
2018-08-06,Elliptical Trainer,Cardio,136.0,16,,,,,
2018-08-06,MFP iOS calorie adjustment,Cardio,-99.0,1,,,,6015,
2018-08-06,"Strength training (weight lifting, weight training)",Cardio,707.0,85,,,,,
2018-08-07,Elliptical Trainer,Cardio,124.0,15,,,,,
2018-08-07,MFP iOS calorie adjustment,Cardio,32.0,1,,,,12489,
2018-08-07,"Strength training (weight lifting, weight training)",Cardio,626.0,75,,,,,
2018-08-08,Elliptical Trainer,Cardio,124.0,15,,,,,
2018-08-08,MFP iOS calorie adjustment,Cardio,-97.0,1,,,,7724,
2018-08-08,"Strength training (weight lifting, weight training)",Cardio,815.0,98,,,,,
2018-08-09,Elliptical Trainer,Cardio,124.0,15,,,,,
2018-08-09,MFP iOS calorie adjustment,Cardio,26.0,1,,,,12808,
2018-08-09,"Strength training (weight lifting, weight training)",Cardio,661.0,80,,,,,
2018-08-10,Elliptical Trainer,Cardio,126.0,15,,,,,
2018-08-10,MFP iOS calorie adjustment,Cardio,-47.0,1,,,,8443,
2018-08-10,"Strength training (weight lifting, weight training)",Cardio,698.0,84,,,,,
2018-08-11,MFP iOS calorie adjustment,Cardio,132.0,1,,,,6813,
2018-08-12,Elliptical Trainer,Cardio,124.0,15,,,,,
2018-08-12,MFP iOS calorie adjustment,Cardio,-19.0,1,,,,11253,
2018-08-12,"Strength training (weight lifting, weight training)",Cardio,775.0,93,,,,,
2018-08-13,Elliptical Trainer,Cardio,157.0,19,,,,,
2018-08-13,MFP iOS calorie adjustment,Cardio,-2201.0,1,,,,8826,
2018-08-13,"Strength training (weight lifting, weight training)",Cardio,858.0,104,,,,,
2018-08-14,Elliptical Trainer,Cardio,134.0,16,,,,,
2018-08-14,MFP iOS calorie adjustment,Cardio,-145.0,1,,,,3861,
2018-08-14,"Strength training (weight lifting, weight training)",Cardio,732.0,88,,,,,
2018-08-15,Elliptical Trainer,Cardio,119.0,14,,,,,
2018-08-15,MFP iOS calorie adjustment,Cardio,-192.0,1,,,,3596,
2018-08-15,"Strength training (weight lifting, weight training)",Cardio,932.0,112,,,,,
2018-08-16,Elliptical Trainer,Cardio,125.0,15,,,,,
2018-08-16,MFP iOS calorie adjustment,Cardio,-2139.0,1,,,,2997,
2018-08-16,"Strength training (weight lifting, weight training)",Cardio,828.0,100,,,,,
2018-08-17,Elliptical Trainer,Cardio,125.0,15,,,,,
2018-08-17,MFP iOS calorie adjustment,Cardio,-2095.0,1,,,,3278,
2018-08-17,"Strength training (weight lifting, weight training)",Cardio,784.0,94,,,,,
2018-08-18,Elliptical Trainer,Cardio,125.0,15,,,,,
2018-08-18,MFP iOS calorie adjustment,Cardio,-172.0,1,,,,3432,
2018-08-18,"Strength training (weight lifting, weight training)",Cardio,875.0,106,,,,,
2018-08-19,MFP iOS calorie adjustment,Cardio,66.0,1,,,,3961,
2018-08-20,MFP iOS calorie adjustment,Cardio,142.0,1,,,,7946,
2018-08-21,Elliptical Trainer,Cardio,125.0,15,,,,,
2018-08-21,MFP iOS calorie adjustment,Cardio,-58.0,1,,,,7605,
2018-08-21,"Strength training (weight lifting, weight training)",Cardio,750.0,90,,,,,
2018-08-22,Elliptical Trainer,Cardio,164.0,19,,,,,
2018-08-22,MFP iOS calorie adjustment,Cardio,-87.0,1,,,,8144,
2018-08-22,"Strength training (weight lifting, weight training)",Cardio,915.0,110,,,,,
2018-08-23,Elliptical Trainer,Cardio,125.0,15,,,,,
2018-08-23,MFP iOS calorie adjustment,Cardio,47.0,1,,,,13009,
2018-08-23,"Strength training (weight lifting, weight training)",Cardio,829.0,100,,,,,
2018-08-24,Elliptical Trainer,Cardio,130.0,15,,,,,
2018-08-24,MFP iOS calorie adjustment,Cardio,-106.0,1,,,,7866,
2018-08-24,"Strength training (weight lifting, weight training)",Cardio,1012.0,122,,,,,
2018-08-25,Elliptical Trainer,Cardio,124.0,15,,,,,
2018-08-25,MFP iOS calorie adjustment,Cardio,-77.0,1,,,,6940,
2018-08-25,"Strength training (weight lifting, weight training)",Cardio,766.0,92,,,,,
2018-08-26,MFP iOS calorie adjustment,Cardio,35.0,1,,,,3130,
2018-08-27,Elliptical Trainer,Cardio,128.0,15,,,,,
2018-08-27,Elliptical Trainer,Cardio,128.0,15,,,,,
2018-08-27,MFP iOS calorie adjustment,Cardio,-5.0,1,,,,7578,
2018-08-27,"Strength training (weight lifting, weight training)",Cardio,569.0,68,,,,,
2018-08-27,"Strength training (weight lifting, weight training)",Cardio,569.0,68,,,,,
2018-08-28,MFP iOS calorie adjustment,Cardio,220.0,1,,,,11916,
2018-08-29,Elliptical Trainer,Cardio,124.0,15,,,,,
2018-08-29,MFP iOS calorie adjustment,Cardio,-22.0,1,,,,7002,
2018-08-29,"Strength training (weight lifting, weight training)",Cardio,576.0,69,,,,,
2018-08-30,Elliptical Trainer,Cardio,148.0,17,,,,,
2018-08-30,MFP iOS calorie adjustment,Cardio,62.0,1,,,,11719,
2018-08-30,"Strength training (weight lifting, weight training)",Cardio,544.0,65,,,,,
2018-08-31,MFP iOS calorie adjustment,Cardio,124.0,1,,,,7133,
2018-09-01,MFP iOS calorie adjustment,Cardio,98.0,1,,,,7058,
2018-09-02,MFP iOS calorie adjustment,Cardio,14.0,1,,,,1398,
2018-09-03,Elliptical Trainer,Cardio,155.0,18,,,,,
2018-09-03,MFP iOS calorie adjustment,Cardio,-86.0,1,,,,6817,
2018-09-03,"Strength training (weight lifting, weight training)",Cardio,856.0,103,,,,,
2018-09-04,MFP iOS calorie adjustment,Cardio,193.0,1,,,,9784,
2018-09-05,MFP iOS calorie adjustment,Cardio,219.0,1,,,,11290,
2018-09-06,MFP iOS calorie adjustment,Cardio,108.0,1,,,,5784,
2018-09-07,MFP iOS calorie adjustment,Cardio,185.0,1,,,,9684,
2018-09-08,MFP iOS calorie adjustment,Cardio,142.0,1,,,,9365,
2018-09-09,Elliptical Trainer,Cardio,124.0,15,,,,,
2018-09-09,MFP iOS calorie adjustment,Cardio,-174.0,1,,,,2476,
2018-09-09,"Strength training (weight lifting, weight training)",Cardio,863.0,104,,,,,
2018-09-10,MFP iOS calorie adjustment,Cardio,60.0,1,,,,3902,
2018-09-11,MFP iOS calorie adjustment,Cardio,66.0,1,,,,4505,
2018-09-12,Elliptical Trainer,Cardio,125.0,15,,,,,
2018-09-12,MFP iOS calorie adjustment,Cardio,-149.0,1,,,,4886,
2018-09-12,"Strength training (weight lifting, weight training)",Cardio,917.0,111,,,,,
2018-09-13,Elliptical Trainer,Cardio,125.0,15,,,,,
2018-09-13,MFP iOS calorie adjustment,Cardio,-134.0,1,,,,3443,
2018-09-13,"Strength training (weight lifting, weight training)",Cardio,760.0,92,,,,,
2018-09-14,Elliptical Trainer,Cardio,125.0,15,,,,,
2018-09-14,MFP iOS calorie adjustment,Cardio,-125.0,1,,,,5282,
2018-09-14,"Strength training (weight lifting, weight training)",Cardio,792.0,95,,,,,
2018-09-15,Elliptical Trainer,Cardio,125.0,15,,,,,
2018-09-15,MFP iOS calorie adjustment,Cardio,-155.0,1,,,,3616,
2018-09-15,"Strength training (weight lifting, weight training)",Cardio,795.0,96,,,,,
2018-09-16,MFP iOS calorie adjustment,Cardio,8.0,1,,,,1063,
2018-09-17,Elliptical Trainer,Cardio,126.0,15,,,,,
2018-09-17,MFP iOS calorie adjustment,Cardio,-140.0,1,,,,4802,
2018-09-17,"Strength training (weight lifting, weight training)",Cardio,849.0,102,,,,,
2018-09-18,Elliptical Trainer,Cardio,126.0,15,,,,,
2018-09-18,MFP iOS calorie adjustment,Cardio,-125.0,1,,,,4520,
2018-09-18,"Strength training (weight lifting, weight training)",Cardio,763.0,92,,,,,
2018-09-19,Elliptical Trainer,Cardio,125.0,15,,,,,
2018-09-19,MFP iOS calorie adjustment,Cardio,-123.0,1,,,,7843,
2018-09-19,"Strength training (weight lifting, weight training)",Cardio,1026.0,123,,,,,
2018-09-20,Elliptical Trainer,Cardio,125.0,15,,,,,
2018-09-20,MFP iOS calorie adjustment,Cardio,-67.0,1,,,,9291,
2018-09-20,"Strength training (weight lifting, weight training)",Cardio,923.0,111,,,,,
2018-09-21,Elliptical Trainer,Cardio,126.0,15,,,,,
2018-09-21,MFP iOS calorie adjustment,Cardio,-69.0,1,,,,6988,
2018-09-21,"Strength training (weight lifting, weight training)",Cardio,779.0,94,,,,,
2018-09-22,Elliptical Trainer,Cardio,126.0,15,,,,,
2018-09-22,MFP iOS calorie adjustment,Cardio,-99.0,1,,,,6349,
2018-09-22,"Strength training (weight lifting, weight training)",Cardio,810.0,97,,,,,
2018-09-23,MFP iOS calorie adjustment,Cardio,20.0,1,,,,1823,
2018-09-24,Elliptical Trainer,Cardio,131.0,15,,,,,
2018-09-24,MFP iOS calorie adjustment,Cardio,-28.0,1,,,,10158,
2018-09-24,"Strength training (weight lifting, weight training)",Cardio,901.0,108,,,,,
2018-09-25,Elliptical Trainer,Cardio,125.0,15,,,,,
2018-09-25,MFP iOS calorie adjustment,Cardio,-95.0,1,,,,7262,
2018-09-25,"Strength training (weight lifting, weight training)",Cardio,869.0,104,,,,,
2018-09-26,Elliptical Trainer,Cardio,125.0,15,,,,,
2018-09-26,MFP iOS calorie adjustment,Cardio,-115.0,1,,,,8788,
2018-09-26,"Strength training (weight lifting, weight training)",Cardio,1030.0,124,,,,,
2018-09-27,Elliptical Trainer,Cardio,125.0,15,,,,,
2018-09-27,MFP iOS calorie adjustment,Cardio,-63.0,1,,,,9941,
2018-09-27,"Strength training (weight lifting, weight training)",Cardio,941.0,113,,,,,
2018-09-28,Elliptical Trainer,Cardio,126.0,15,,,,,
2018-09-28,MFP iOS calorie adjustment,Cardio,-104.0,1,,,,8035,
2018-09-28,"Strength training (weight lifting, weight training)",Cardio,912.0,110,,,,,
2018-09-29,MFP iOS calorie adjustment,Cardio,-334.0,1,,,,3074,
2018-09-29,"Strength training (weight lifting, weight training)",Cardio,1784.0,216,,,,,
2018-09-30,MFP iOS calorie adjustment,Cardio,126.0,1,,,,7630,
2018-10-01,MFP iOS calorie adjustment,Cardio,50.0,1,,,,4069,
2018-10-02,Elliptical Trainer,Cardio,125.0,15,,,,,
2018-10-02,MFP iOS calorie adjustment,Cardio,-16.0,1,,,,9845,
2018-10-02,"Strength training (weight lifting, weight training)",Cardio,771.0,92,,,,,
2018-10-03,MFP iOS calorie adjustment,Cardio,-110.0,1,,,,6938,
2018-10-03,"Strength training (weight lifting, weight training)",Cardio,1090.0,131,,,,,
2018-10-04,MFP iOS calorie adjustment,Cardio,65.0,1,,,,3790,
2018-10-05,Elliptical Trainer,Cardio,145.0,17,,,,,
2018-10-05,MFP iOS calorie adjustment,Cardio,-231.0,1,,,,5910,
2018-10-05,"Strength training (weight lifting, weight training)",Cardio,1297.0,156,,,,,
2018-10-05,"Strength training (weight lifting, weight training)",Cardio,559.0,67,,,,,
2018-10-06,MFP iOS calorie adjustment,Cardio,-145.0,1,,,,4196,
2018-10-06,"Strength training (weight lifting, weight training)",Cardio,1001.0,121,,,,,
2018-10-07,MFP iOS calorie adjustment,Cardio,100.0,1,,,,5570,
2018-10-08,MFP iOS calorie adjustment,Cardio,47.0,1,,,,4038,
2018-10-09,Elliptical Trainer,Cardio,124.0,15,,,,,
2018-10-09,MFP iOS calorie adjustment,Cardio,-32.0,1,,,,8515,
2018-10-09,"Strength training (weight lifting, weight training)",Cardio,759.0,91,,,,,
2018-10-10,Elliptical Trainer,Cardio,126.0,15,,,,,
2018-10-10,MFP iOS calorie adjustment,Cardio,-89.0,1,,,,6342,
2018-10-10,"Strength training (weight lifting, weight training)",Cardio,924.0,111,,,,,
2018-10-11,MFP iOS calorie adjustment,Cardio,61.0,1,,,,3162,
2018-10-12,Elliptical Trainer,Cardio,131.0,15,,,,,
2018-10-12,MFP iOS calorie adjustment,Cardio,-186.0,1,,,,3973,
2018-10-12,"Strength training (weight lifting, weight training)",Cardio,975.0,117,,,,,
2018-10-13,Elliptical Trainer,Cardio,125.0,15,,,,,
2018-10-13,MFP iOS calorie adjustment,Cardio,-143.0,1,,,,7049,
2018-10-13,"Strength training (weight lifting, weight training)",Cardio,1101.0,132,,,,,
2018-10-14,MFP iOS calorie adjustment,Cardio,87.0,1,,,,6250,
2018-10-15,MFP iOS calorie adjustment,Cardio,43.0,1,,,,3728,
2018-10-16,Elliptical Trainer,Cardio,125.0,15,,,,,
2018-10-16,MFP iOS calorie adjustment,Cardio,22.0,1,,,,13132,
2018-10-16,"Strength training (weight lifting, weight training)",Cardio,855.0,103,,,,,
2018-10-17,MFP iOS calorie adjustment,Cardio,227.0,1,,,,12075,
2018-10-18,Elliptical Trainer,Cardio,125.0,15,,,,,
2018-10-18,MFP iOS calorie adjustment,Cardio,-98.0,1,,,,7596,
2018-10-18,"Strength training (weight lifting, weight training)",Cardio,873.0,105,,,,,
2018-10-19,MFP iOS calorie adjustment,Cardio,63.0,1,,,,4553,
2018-10-20,"Bicycling, <10 mph, leisure (cycling, biking, bike riding)",Cardio,174.0,15,,,,,
2018-10-20,MFP iOS calorie adjustment,Cardio,-128.0,1,,,,6640,
2018-10-20,"Strength training (weight lifting, weight training)",Cardio,1008.0,121,,,,,
2018-10-21,MFP iOS calorie adjustment,Cardio,-111.0,1,,,,6000,
2018-10-21,"Strength training (weight lifting, weight training)",Cardio,895.0,108,,,,,
2018-10-22,"Bicycling, <10 mph, leisure (cycling, biking, bike riding)",Cardio,174.0,15,,,,,
2018-10-22,MFP iOS calorie adjustment,Cardio,-96.0,1,,,,5875,
2018-10-22,"Strength training (weight lifting, weight training)",Cardio,926.0,110,,,,,
2018-10-23,Elliptical Trainer,Cardio,125.0,15,,,,,
2018-10-23,MFP iOS calorie adjustment,Cardio,-107.0,1,,,,7335,
2018-10-23,"Strength training (weight lifting, weight training)",Cardio,883.0,106,,,,,
2018-10-24,MFP iOS calorie adjustment,Cardio,51.0,1,,,,2750,
2018-10-25,Elliptical Trainer,Cardio,125.0,15,,,,,
2018-10-25,MFP iOS calorie adjustment,Cardio,-93.0,1,,,,7901,
2018-10-25,"Strength training (weight lifting, weight training)",Cardio,902.0,108,,,,,
2018-10-26,"Bicycling, <10 mph, leisure (cycling, biking, bike riding)",Cardio,175.0,15,,,,,
2018-10-26,MFP iOS calorie adjustment,Cardio,-136.0,1,,,,3997,
2018-10-26,"Strength training (weight lifting, weight training)",Cardio,772.0,93,,,,,
2018-10-27,MFP iOS calorie adjustment,Cardio,17.0,1,,,,1528,
2018-10-28,Elliptical Trainer,Cardio,125.0,15,,,,,
2018-10-28,MFP iOS calorie adjustment,Cardio,-199.0,1,,,,3776,
2018-10-28,"Strength training (weight lifting, weight training)",Cardio,998.0,119,,,,,
2018-10-29,"Bicycling, <10 mph, leisure (cycling, biking, bike riding)",Cardio,175.0,15,,,,,
2018-10-29,MFP iOS calorie adjustment,Cardio,-124.0,1,,,,5350,
2018-10-29,"Strength training (weight lifting, weight training)",Cardio,995.0,120,,,,,
2018-10-30,Elliptical Trainer,Cardio,125.0,15,,,,,
2018-10-30,MFP iOS calorie adjustment,Cardio,-82.0,1,,,,9654,
2018-10-30,"Strength training (weight lifting, weight training)",Cardio,1050.0,126,,,,,
2018-10-31,MFP iOS calorie adjustment,Cardio,44.0,1,,,,2581,
2018-11-01,Elliptical Trainer,Cardio,125.0,15,,,,,
2018-11-01,MFP iOS calorie adjustment,Cardio,-214.0,1,,,,5152,
2018-11-01,"Strength training (weight lifting, weight training)",Cardio,1080.0,130,,,,,
2018-11-02,"Bicycling, <10 mph, leisure (cycling, biking, bike riding)",Cardio,186.0,16,,,,,
2018-11-02,MFP iOS calorie adjustment,Cardio,-228.0,1,,,,3141,
2018-11-02,"Strength training (weight lifting, weight training)",Cardio,1141.0,137,,,,,
2018-11-03,MFP iOS calorie adjustment,Cardio,44.0,1,,,,3215,
2018-11-04,Elliptical Trainer,Cardio,124.0,15,,,,,
2018-11-04,MFP iOS calorie adjustment,Cardio,-185.0,1,,,,5667,
2018-11-04,"Strength training (weight lifting, weight training)",Cardio,947.0,114,,,,,
2018-11-05,"Bicycling, <10 mph, leisure (cycling, biking, bike riding)",Cardio,174.0,15,,,,,
2018-11-05,MFP iOS calorie adjustment,Cardio,-116.0,1,,,,5980,
2018-11-05,"Strength training (weight lifting, weight training)",Cardio,970.0,116,,,,,
2018-11-06,Elliptical Trainer,Cardio,125.0,15,,,,,
2018-11-06,MFP iOS calorie adjustment,Cardio,-108.0,1,,,,8939,
2018-11-06,"Strength training (weight lifting, weight training)",Cardio,954.0,115,,,,,
2018-11-07,MFP iOS calorie adjustment,Cardio,43.0,1,,,,2284,
2018-11-08,Elliptical Trainer,Cardio,125.0,15,,,,,
2018-11-08,MFP iOS calorie adjustment,Cardio,-85.0,1,,,,9815,
2018-11-08,"Strength training (weight lifting, weight training)",Cardio,899.0,108,,,,,
2018-11-09,"Bicycling, <10 mph, leisure (cycling, biking, bike riding)",Cardio,173.0,15,,,,,
2018-11-09,MFP iOS calorie adjustment,Cardio,-151.0,1,,,,3780,
2018-11-09,"Strength training (weight lifting, weight training)",Cardio,770.0,92,,,,,
2018-11-10,Elliptical Trainer,Cardio,125.0,15,,,,,
2018-11-10,MFP iOS calorie adjustment,Cardio,-162.0,1,,,,3850,
2018-11-10,"Strength training (weight lifting, weight training)",Cardio,826.0,99,,,,,
2018-11-11,MFP iOS calorie adjustment,Cardio,40.0,1,,,,3400,
2018-11-12,MFP iOS calorie adjustment,Cardio,-88.0,1,,,,4539,
2018-11-12,"Strength training (weight lifting, weight training)",Cardio,848.0,96,,,,,
2018-11-13,Elliptical Trainer,Cardio,126.0,15,,,,,
2018-11-13,MFP iOS calorie adjustment,Cardio,-66.0,1,,,,9043,
2018-11-13,"Strength training (weight lifting, weight training)",Cardio,809.0,97,,,,,
2018-11-14,MFP iOS calorie adjustment,Cardio,41.0,1,,,,1952,
2018-11-15,Elliptical Trainer,Cardio,125.0,15,,,,,
2018-11-15,MFP iOS calorie adjustment,Cardio,-87.0,1,,,,9727,
2018-11-15,"Strength training (weight lifting, weight training)",Cardio,920.0,111,,,,,
2018-11-16,MFP iOS calorie adjustment,Cardio,56.0,1,,,,4015,
2018-11-17,MFP iOS calorie adjustment,Cardio,5.0,1,,,,736,
2018-11-18,Elliptical Trainer,Cardio,125.0,15,,,,,
2018-11-18,MFP iOS calorie adjustment,Cardio,-165.0,1,,,,4638,
2018-11-18,"Strength training (weight lifting, weight training)",Cardio,849.0,102,,,,,
2018-11-19,MFP iOS calorie adjustment,Cardio,-98.0,1,,,,3909,
2018-11-19,"Strength training (weight lifting, weight training)",Cardio,840.0,95,,,,,
2018-11-20,Elliptical Trainer,Cardio,124.0,15,,,,,
2018-11-20,MFP iOS calorie adjustment,Cardio,-59.0,1,,,,9155,
2018-11-20,"Strength training (weight lifting, weight training)",Cardio,804.0,97,,,,,
2018-12-01,Elliptical Trainer,Cardio,124.0,15,,,,,
2018-12-01,"Strength training (weight lifting, weight training)",Cardio,858.0,103,,,,,
2018-12-23,"Bicycling, <10 mph, leisure (cycling, biking, bike riding)",Cardio,174.0,15,,,,,
2018-12-23,"Strength training (weight lifting, weight training)",Cardio,838.0,101,,,,,
2019-01-04,"Bicycling, <10 mph, leisure (cycling, biking, bike riding)",Cardio,177.0,15,,,,,
2019-01-04,"Strength training (weight lifting, weight training)",Cardio,834.0,100,,,,,
2019-01-07,"Bicycling, <10 mph, leisure (cycling, biking, bike riding)",Cardio,175.0,15,,,,,
2019-01-07,"Strength training (weight lifting, weight training)",Cardio,981.0,118,,,,,
2019-02-03,"Strength training (weight lifting, weight training)",Cardio,1032.0,125,,,,,
2019-02-07,"Strength training (weight lifting, weight training)",Cardio,1002.0,121,,,,,
2019-02-16,"Bicycling, <10 mph, leisure (cycling, biking, bike riding)",Cardio,174.0,15,,,,,
2019-02-16,"Strength training (weight lifting, weight training)",Cardio,987.0,119,,,,,
2019-02-17,"Strength training (weight lifting, weight training)",Cardio,1021.0,123,,,,,
2019-02-20,"Bicycling, <10 mph, leisure (cycling, biking, bike riding)",Cardio,175.0,15,,,,,
2019-02-20,"Strength training (weight lifting, weight training)",Cardio,994.0,120,,,,,
2019-02-23,"Bicycling, <10 mph, leisure (cycling, biking, bike riding)",Cardio,174.0,15,,,,,
2019-02-23,"Strength training (weight lifting, weight training)",Cardio,959.0,115,,,,,
2019-03-01,"Strength training (weight lifting, weight training)",Cardio,887.0,107,,,,,
2019-03-04,"Bicycling, <10 mph, leisure (cycling, biking, bike riding)",Cardio,174.0,15,,,,,
2019-03-04,"Strength training (weight lifting, weight training)",Cardio,955.0,115,,,,,
2019-03-07,"Strength training (weight lifting, weight training)",Cardio,1169.0,141,,,,,
2019-03-18,"Strength training (weight lifting, weight training)",Cardio,1054.0,127,,,,,
2019-03-18,"Walking, 2.0 mph, slow pace",Cardio,59.0,10,,,,,
2019-03-21,"Strength training (weight lifting, weight training)",Cardio,1121.0,135,,,,,
2019-03-21,"Walking, 2.0 mph, slow pace",Cardio,59.0,10,,,,,
2019-03-22,"Strength training (weight lifting, weight training)",Cardio,1057.0,127,,,,,
2019-03-22,"Walking, 2.0 mph, slow pace",Cardio,59.0,10,,,,,
2019-03-24,"Strength training (weight lifting, weight training)",Cardio,1299.0,156,,,,,
2019-03-24,"Walking, 2.0 mph, slow pace",Cardio,88.0,15,,,,,
2019-03-27,"Strength training (weight lifting, weight training)",Cardio,1005.0,121,,,,,
2019-03-27,"Walking, 2.0 mph, slow pace",Cardio,66.0,11,,,,,
2019-04-12,"Strength training (weight lifting, weight training)",Cardio,1064.0,128,,,,,
2019-04-12,"Walking, 2.0 mph, slow pace",Cardio,87.0,15,,,,,
2019-04-20,"Strength training (weight lifting, weight training)",Cardio,1130.0,136,,,,,
2019-04-20,"Walking, 2.0 mph, slow pace",Cardio,89.0,15,,,,,
2019-05-23,"Strength training (weight lifting, weight training)",Cardio,773.0,93,,,,,
2019-05-26,"Strength training (weight lifting, weight training)",Cardio,1087.0,131,,,,,
2019-05-27,"Strength training (weight lifting, weight training)",Cardio,1017.0,123,,,,,
2019-07-24,"Strength training (weight lifting, weight training)",Cardio,1013.0,122,,,,,
2019-07-27,"Strength training (weight lifting, weight training)",Cardio,916.0,110,,,,,
